{"cameraMode":{"drawMode":0,"name":"Shaded","section":"Shading Mode"},"sceneLighting":false,"audioPlay":false,"sceneViewState":{"showFog":true,"showMaterialUpdate":false,"showSkybox":false,"showFlares":true,"showImageEffects":true,"showParticleSystems":true},"in2DMode":false,"pivot":{"x":5.820038795471191,"y":2.6360936164855959,"z":0.5260106921195984},"rotation":{"x":-0.13031615316867829,"y":0.6498346924781799,"z":-0.11443358659744263,"w":-0.7400248050689697},"size":2.490485191345215,"orthographic":false}