{"cameraMode":{"drawMode":0,"name":"Shaded","section":"Shading Mode"},"sceneLighting":true,"audioPlay":false,"sceneViewState":{"showFog":true,"showMaterialUpdate":false,"showSkybox":true,"showFlares":true,"showImageEffects":true,"showParticleSystems":true},"in2DMode":false,"pivot":{"x":-2.85092830657959,"y":-167.34115600585938,"z":786.1434326171875},"rotation":{"x":-0.10958687216043472,"y":0.005066802725195885,"z":-0.0005582302692346275,"w":-0.9939665198326111},"size":389.9740905761719,"orthographic":false}